0,0
0.001,82364.5541304976
0.002,149051.353483152
0.003,187366.839545965
0.004,190017.816829346
0.005,156499.682689486
0.006,93192.476370243
0.007,12146.4647227067
0.008,-71211.5766243847
0.009,-141014.786679707
0.01,-183976.410946663
0.011,-191918.880600585
0.012,-163330.379146148
0.013,-103652.610481348
0.014,-24244.9928983448
0.015,59777.5595588098
0.016,132421.698936765
0.017,179859.911504181
0.018,193062.528229489
0.019,169516.485214873
0.02,113703.675093256
0.021,36247.8371634965
0.022,-48107.6277754255
0.023,-123306.003245839
0.024,-175033.587161169
0.025,-193444.246261351
0.026,-175033.587161169
0.027,-123306.003245839
0.028,-48107.627775426
0.029,36247.8371634967
0.03,113703.675093255
0.031,169516.485214872
0.032,193062.528229489
0.033,179859.911504181
0.034,132421.698936765
0.035,59777.5595588097
0.036,-24244.9928983448
0.037,-103652.610481348
0.038,-163330.379146148
0.039,-191918.880600585
0.04,-183976.410946663
0.041,-141014.786679707
0.042,-71211.5766243844
0.043,12146.4647227065
0.044,93192.4763702424
0.045,156499.682689485
0.046,190017.816829346
0.047,187366.839545965
0.048,149051.353483152
0.049,82364.554130498
0.05,1.65830613898205E-10
0.051,-82364.5541304977
0.052,-149051.353483152
0.053,-187366.839545965
0.054,-190017.816829346
0.055,-156499.682689486
0.056,-93192.4763702433
0.057,-12146.4647227068
0.058,71211.5766243848
0.059,141014.786679707
0.06,183976.410946662
0.061,191918.880600585
0.062,163330.379146148
0.063,103652.610481348
0.064,24244.9928983448
0.065,-59777.5595588101
0.066,-132421.698936764
0.067,-179859.911504181
0.068,-193062.528229489
0.069,-169516.485214872
0.07,-113703.675093255
0.071,-36247.8371634967
0.072,48107.627775426
0.073,123306.003245838
0.074,175033.587161169
0.075,193444.246261351
0.076,175033.58716117
0.077,123306.003245839
0.078,48107.6277754265
0.079,-36247.8371634962
0.08,-113703.675093256
0.081,-169516.485214872
0.082,-193062.528229489
0.083,-179859.911504181
0.084,-132421.698936764
0.085,-59777.5595588106
0.086,24244.9928983443
0.087,103652.610481347
0.088,163330.379146147
0.089,191918.880600585
0.09,183976.410946663
0.091,141014.786679707
0.092,71211.5766243852
0.093,-12146.4647227063
0.094,-93192.4763702429
0.095,-156499.682689486
0.096,-190017.816829346
0.097,-187366.839545965
0.098,-149051.353483153
0.099,-82364.5541304981
0.1,-3.31661227796411E-10
0.101,82364.5541304975
0.102,149051.353483152
0.103,187366.839545965
0.104,190017.816829346
0.105,156499.682689486
0.106,93192.4763702435
0.107,12146.464722707
0.108,-71211.5766243846
0.109,-141014.786679706
0.11,-183976.410946662
0.111,-191918.880600585
0.112,-163330.379146148
0.113,-103652.610481348
0.114,-24244.992898345
0.115,59777.5595588099
0.116,132421.698936765
0.117,179859.911504181
0.118,193062.528229489
0.119,169516.485214873
0.12,113703.675093257
0.121,36247.8371634982
0.122,-48107.6277754245
0.123,-123306.003245838
0.124,-175033.587161169
0.125,-193444.246261351
0.126,-175033.58716117
0.127,-123306.003245839
0.128,-48107.627775426
0.129,36247.8371634967
0.13,113703.675093256
0.131,169516.485214872
0.132,193062.528229489
0.133,179859.911504181
0.134,132421.698936765
0.135,59777.5595588101
0.136,-24244.9928983448
0.137,-103652.610481348
0.138,-163330.379146148
0.139,-191918.880600585
0.14,-183976.410946662
0.141,-141014.786679707
0.142,-71211.5766243847
0.143,12146.4647227068
0.144,93192.4763702433
0.145,156499.682689484
0.146,190017.816829346
0.147,187366.839545966
0.148,149051.353483152
0.149,82364.5541304989
0.15,2.55924790102848E-09
0.151,-82364.5541304968
0.152,-149051.353483151
0.153,-187366.839545965
0.154,-190017.816829347
0.155,-156499.682689486
0.156,-93192.4763702442
0.157,-12146.4647227065
0.158,71211.5766243838
0.159,141014.786679705
0.16,183976.410946662
0.161,191918.880600585
0.162,163330.379146148
0.163,103652.610481349
0.164,24244.9928983445
0.165,-59777.5595588091
0.166,-132421.698936765
0.167,-179859.911504181
0.168,-193062.528229489
0.169,-169516.485214872
0.17,-113703.675093257
0.171,-36247.8371634963
0.172,48107.627775425
0.173,123306.003245839
0.174,175033.587161169
0.175,193444.246261351
0.176,175033.587161171
0.177,123306.00324584
0.178,48107.6277754282
0.179,-36247.8371634959
0.18,-113703.675093254
0.181,-169516.485214872
0.182,-193062.528229489
0.183,-179859.911504182
0.184,-132421.698936766
0.185,-59777.5595588122
0.186,24244.992898344
0.187,103652.610481346
0.188,163330.379146148
0.189,191918.880600585
0.19,183976.410946663
0.191,141014.786679708
0.192,71211.5766243842
0.193,-12146.464722706
0.194,-93192.4763702414
0.195,-156499.682689485
0.196,-190017.816829346
0.197,-187366.839545965
0.198,-149051.353483153
0.199,-82364.5541304972
0.2,-6.63322455592822E-10
0.201,82364.5541304985
0.202,149051.353483152
0.203,187366.839545965
0.204,190017.816829346
0.205,156499.682689486
0.206,93192.4763702425
0.207,12146.4647227073
0.208,-71211.5766243856
0.209,-141014.786679705
0.21,-183976.410946662
0.211,-191918.880600585
0.212,-163330.379146148
0.213,-103652.610481349
0.214,-24244.9928983453
0.215,59777.5595588083
0.216,132421.698936765
0.217,179859.91150418
0.218,193062.52822949
0.219,169516.485214873
0.22,113703.675093257
0.221,36247.8371634972
0.222,-48107.6277754242
0.223,-123306.003245839
0.224,-175033.587161169
0.225,-193444.246261351
0.226,-175033.58716117
0.227,-123306.00324584
0.228,-48107.6277754263
0.229,36247.8371634951
0.23,113703.675093256
0.231,169516.485214872
0.232,193062.528229489
0.233,179859.911504181
0.234,132421.698936764
0.235,59777.5595588104
0.236,-24244.9928983459
0.237,-103652.610481348
0.238,-163330.379146147
0.239,-191918.880600585
0.24,-183976.410946664
0.241,-141014.786679708
0.242,-71211.5766243876
0.243,12146.4647227051
0.244,93192.4763702406
0.245,156499.682689485
0.246,190017.816829346
0.247,187366.839545965
0.248,149051.353483153
0.249,82364.554130498
0.25,1.51640508926898E-09
0.251,-82364.5541304952
0.252,-149051.353483152
0.253,-187366.839545965
0.254,-190017.816829346
0.255,-156499.682689487
0.256,-93192.4763702433
0.257,-12146.4647227082
0.258,71211.5766243848
0.259,141014.786679706
0.26,183976.410946663
0.261,191918.880600585
0.262,163330.379146149
0.263,103652.610481348
0.264,24244.9928983462
0.265,-59777.5595588101
0.266,-132421.698936764
0.267,-179859.911504181
0.268,-193062.528229489
0.269,-169516.485214872
0.27,-113703.675093256
0.271,-36247.837163498
0.272,48107.6277754261
0.273,123306.003245838
0.274,175033.58716117
0.275,193444.246261351
0.276,175033.587161169
0.277,123306.003245839
0.278,48107.6277754245
0.279,-36247.8371634969
0.28,-113703.675093257
0.281,-169516.485214873
0.282,-193062.528229489
0.283,-179859.91150418
0.284,-132421.698936765
0.285,-59777.5595588086
0.286,24244.992898345
0.287,103652.610481349
0.288,163330.379146148
0.289,191918.880600585
0.29,183976.410946664
0.291,141014.786679709
0.292,71211.5766243858
0.293,-12146.4647227043
0.294,-93192.4763702399
0.295,-156499.682689483
0.296,-190017.816829346
0.297,-187366.839545966
0.298,-149051.353483154
0.299,-82364.5541305012
0.3,-5.11849580205697E-09
0.301,82364.5541304969
0.302,149051.353483151
0.303,187366.839545964
0.304,190017.816829347
0.305,156499.682689486
0.306,93192.476370244
0.307,12146.464722709
0.308,-71211.5766243814
0.309,-141014.786679704
0.31,-183976.410946663
0.311,-191918.880600585
0.312,-163330.379146149
0.313,-103652.610481351
0.314,-24244.9928983443
0.315,59777.5595588093
0.316,132421.698936763
0.317,179859.91150418
0.318,193062.52822949
0.319,169516.485214872
0.32,113703.675093257
0.321,36247.8371634989
0.322,-48107.6277754226
0.323,-123306.003245839
0.324,-175033.587161169
0.325,-193444.246261351
0.326,-175033.587161171
0.327,-123306.003245837
0.328,-48107.6277754253
0.329,36247.8371634961
0.33,113703.675093254
0.331,169516.485214871
0.332,193062.52822949
0.333,179859.911504181
0.334,132421.698936765
0.335,59777.559558812
0.336,-24244.9928983469
0.337,-103652.610481349
0.338,-163330.379146148
0.339,-191918.880600585
0.34,-183976.410946663
0.341,-141014.786679706
0.342,-71211.5766243841
0.343,12146.4647227062
0.344,93192.4763702416
0.345,156499.682689487
0.346,190017.816829347
0.347,187366.839545965
0.348,149051.353483153
0.349,82364.5541304995
0.35,-2.27544580160234E-09
0.351,-82364.5541304987
0.352,-149051.353483149
0.353,-187366.839545965
0.354,-190017.816829347
0.355,-156499.682689488
0.356,-93192.4763702472
0.357,-12146.4647227126
0.358,71211.5766243832
0.359,141014.786679705
0.36,183976.410946661
0.361,191918.880600586
0.362,163330.379146148
0.363,103652.610481349
0.364,24244.9928983478
0.365,-59777.5595588059
0.366,-132421.698936761
0.367,-179859.91150418
0.368,-193062.52822949
0.369,-169516.485214874
0.37,-113703.67509326
0.371,-36247.837163497
0.372,48107.6277754244
0.373,123306.003245837
0.374,175033.587161168
0.375,193444.246261351
0.376,175033.58716117
0.377,123306.00324584
0.378,48107.6277754288
0.379,-36247.8371634925
0.38,-113703.675093256
0.381,-169516.485214872
0.382,-193062.528229489
0.383,-179859.911504182
0.384,-132421.698936764
0.385,-59777.5595588102
0.386,24244.9928983433
0.387,103652.610481345
0.388,163330.379146146
0.389,191918.880600585
0.39,183976.410946663
0.391,141014.786679708
0.392,71211.5766243874
0.393,-12146.4647227081
0.394,-93192.4763702432
0.395,-156499.682689485
0.396,-190017.816829346
0.397,-187366.839545966
0.398,-149051.353483152
0.399,-82364.5541304978
0.4,-1.32664491118564E-09
0.401,82364.5541304954
0.402,149051.353483153
0.403,187366.839545965
0.404,190017.816829346
0.405,156499.682689487
0.406,93192.4763702456
0.407,12146.4647227052
0.408,-71211.5766243849
0.409,-141014.786679706
0.41,-183976.410946662
0.411,-191918.880600585
0.412,-163330.379146147
0.413,-103652.610481348
0.414,-24244.992898346
0.415,59777.5595588129
0.416,132421.698936766
0.417,179859.911504179
0.418,193062.52822949
0.419,169516.485214873
0.42,113703.675093258
0.421,36247.8371635005
0.422,-48107.6277754209
0.423,-123306.003245834
0.424,-175033.587161169
0.425,-193444.246261351
0.426,-175033.587161171
0.427,-123306.003245843
0.428,-48107.627775427
0.429,36247.8371634944
0.43,113703.675093253
0.431,169516.48521487
0.432,193062.528229489
0.433,179859.911504181
0.434,132421.698936767
0.435,59777.5595588136
0.436,-24244.9928983398
0.437,-103652.610481347
0.438,-163330.379146147
0.439,-191918.880600585
0.44,-183976.410946664
0.441,-141014.786679707
0.442,-71211.5766243856
0.443,12146.4647227045
0.444,93192.4763702401
0.445,156499.682689483
0.446,190017.816829346
0.447,187366.839545965
0.448,149051.353483154
0.449,82364.554130501
0.45,-5.69280534250018E-10
0.451,-82364.5541304971
0.452,-149051.353483151
0.453,-187366.839545964
0.454,-190017.816829347
0.455,-156499.682689486
0.456,-93192.4763702439
0.457,-12146.4647227088
0.458,71211.5766243816
0.459,141014.786679708
0.46,183976.410946663
0.461,191918.880600585
0.462,163330.379146149
0.463,103652.610481346
0.464,24244.9928983441
0.465,-59777.5595588095
0.466,-132421.698936763
0.467,-179859.91150418
0.468,-193062.528229489
0.469,-169516.485214872
0.47,-113703.675093256
0.471,-36247.8371634987
0.472,48107.6277754281
0.473,123306.00324584
0.474,175033.587161169
0.475,193444.246261351
0.476,175033.58716117
0.477,123306.003245837
0.478,48107.6277754251
0.479,-36247.8371634963
0.48,-113703.67509325
0.481,-169516.485214871
0.482,-193062.528229489
0.483,-179859.911504183
0.484,-132421.698936769
0.485,-59777.5595588118
0.486,24244.9928983416
0.487,103652.610481344
0.488,163330.379146145
0.489,191918.880600585
0.49,183976.410946663
0.491,141014.786679709
0.492,71211.576624389
0.493,-12146.4647227009
0.494,-93192.4763702417
0.495,-156499.682689484
0.496,-190017.816829346
0.497,-187366.839545966
0.498,-149051.353483153
0.499,-82364.5541304993
0.5,-3.03281017853797E-09
0.501,82364.5541304939
0.502,149051.353483149
0.503,187366.839545965
0.504,190017.816829347
0.505,156499.682689488
0.506,93192.476370247
0.507,12146.4647227069
0.508,-71211.5766243834
0.509,-141014.786679705
0.51,-183976.410946661
0.511,-191918.880600586
0.512,-163330.379146148
0.513,-103652.610481349
0.514,-24244.9928983477
0.515,59777.5595588061
0.516,132421.698936765
0.517,179859.91150418
0.518,193062.52822949
0.519,169516.485214874
0.52,113703.675093255
0.521,36247.8371634968
0.522,-48107.6277754246
0.523,-123306.003245837
0.524,-175033.587161168
0.525,-193444.246261351
0.526,-175033.58716117
0.527,-123306.00324584
0.528,-48107.6277754286
0.529,36247.8371634981
0.53,113703.675093256
0.531,169516.485214872
0.532,193062.528229489
0.533,179859.911504182
0.534,132421.698936764
0.535,59777.55955881
0.536,-24244.9928983435
0.537,-103652.610481346
0.538,-163330.379146149
0.539,-191918.880600585
0.54,-183976.410946663
0.541,-141014.786679708
0.542,-71211.5766243872
0.543,12146.4647227083
0.544,93192.4763702434
0.545,156499.682689485
0.546,190017.816829346
0.547,187366.839545965
0.548,149051.353483151
0.549,82364.5541304976
0.55,1.1368847331023E-09
0.551,-82364.5541305005
0.552,-149051.353483154
0.553,-187366.839545965
0.554,-190017.816829346
0.555,-156499.682689487
0.556,-93192.4763702406
0.557,-12146.464722705
0.558,71211.5766243851
0.559,141014.786679706
0.56,183976.410946664
0.561,191918.880600585
0.562,163330.379146147
0.563,103652.610481348
0.564,24244.9928983458
0.565,-59777.5595588131
0.566,-132421.698936766
0.567,-179859.911504181
0.568,-193062.528229489
0.569,-169516.48521487
0.57,-113703.675093253
0.571,-36247.837163495
0.572,48107.6277754264
0.573,123306.003245838
0.574,175033.587161171
0.575,193444.246261351
0.576,175033.587161169
0.577,123306.003245843
0.578,48107.6277754321
0.579,-36247.8371634892
0.58,-113703.675093249
0.581,-169516.48521487
0.582,-193062.528229489
0.583,-179859.911504181
0.584,-132421.698936766
0.585,-59777.5595588135
0.586,24244.9928983399
0.587,103652.610481343
0.588,163330.379146144
0.589,191918.880600584
0.59,183976.410946666
0.591,141014.786679714
0.592,71211.5766243855
0.593,-12146.4647227047
0.594,-93192.4763702402
0.595,-156499.682689483
0.596,-190017.816829345
0.597,-187366.839545967
0.598,-149051.353483157
0.599,-82364.5541305059
0.6,-1.02369916041139E-08
0.601,82364.5541304973
0.602,149051.353483151
0.603,187366.839545964
0.604,190017.816829347
0.605,156499.682689489
0.606,93192.4763702485
0.607,12146.4647227141
0.608,-71211.5766243767
0.609,-141014.7866797
0.61,-183976.410946663
0.611,-191918.880600585
0.612,-163330.379146149
0.613,-103652.610481351
0.614,-24244.9928983494
0.615,59777.5595588044
0.616,132421.69893676
0.617,179859.911504178
0.618,193062.52822949
0.619,169516.485214872
0.62,113703.675093256
0.621,36247.8371634985
0.622,-48107.6277754229
0.623,-123306.003245835
0.624,-175033.587161167
0.625,-193444.246261351
0.626,-175033.587161173
0.627,-123306.003245845
0.628,-48107.627775425
0.629,36247.8371634964
0.63,113703.675093255
0.631,169516.485214871
0.632,193062.528229489
0.633,179859.911504183
0.634,132421.698936769
0.635,59777.5595588169
0.636,-24244.9928983364
0.637,-103652.610481349
0.638,-163330.379146148
0.639,-191918.880600585
0.64,-183976.410946663
0.641,-141014.786679709
0.642,-71211.5766243888
0.643,12146.4647227011
0.644,93192.4763702371
0.645,156499.682689487
0.646,190017.816829347
0.647,187366.839545965
0.648,149051.353483153
0.649,82364.5541304992
0.65,2.84305000045463E-09
0.651,-82364.554130494
0.652,-149051.353483149
0.653,-187366.839545964
0.654,-190017.816829346
0.655,-156499.682689484
0.656,-93192.4763702421
0.657,-12146.4647227067
0.658,71211.5766243835
0.659,141014.786679705
0.66,183976.410946662
0.661,191918.880600586
0.662,163330.379146151
0.663,103652.610481344
0.664,24244.992898342
0.665,-59777.5595588115
0.666,-132421.698936765
0.667,-179859.911504181
0.668,-193062.52822949
0.669,-169516.485214874
0.67,-113703.675093259
0.671,-36247.837163502
0.672,48107.6277754301
0.673,123306.003245841
0.674,175033.58716117
0.675,193444.246261351
0.676,175033.58716117
0.677,123306.00324584
0.678,48107.6277754284
0.679,-36247.8371634929
0.68,-113703.675093252
0.681,-169516.485214875
0.682,-193062.52822949
0.683,-179859.91150418
0.684,-132421.698936764
0.685,-59777.5595588098
0.686,24244.9928983437
0.687,103652.610481346
0.688,163330.379146146
0.689,191918.880600584
0.69,183976.410946661
0.691,141014.786679704
0.692,71211.5766243819
0.693,-12146.4647227084
0.694,-93192.4763702435
0.695,-156499.682689485
0.696,-190017.816829346
0.697,-187366.839545966
0.698,-149051.353483155
0.699,-82364.5541304925
0.7,4.55089160320468E-09
0.701,82364.5541305007
0.702,149051.353483154
0.703,187366.839545965
0.704,190017.816829348
0.705,156499.682689493
0.706,93192.4763702452
0.707,12146.4647227103
0.708,-71211.5766243802
0.709,-141014.786679703
0.71,-183976.41094666
0.711,-191918.880600586
0.712,-163330.379146153
0.713,-103652.610481357
0.714,-24244.9928983565
0.715,59777.559558808
0.716,132421.698936762
0.717,179859.911504179
0.718,193062.52822949
0.719,169516.485214876
0.72,113703.675093262
0.721,36247.8371635056
0.722,-48107.627775416
0.723,-123306.00324583
0.724,-175033.587161169
0.725,-193444.246261351
0.726,-175033.587161171
0.727,-123306.003245843
0.728,-48107.6277754319
0.729,36247.8371634894
0.73,113703.675093249
0.731,169516.485214868
0.732,193062.528229489
0.733,179859.911504181
0.734,132421.698936766
0.735,59777.5595588133
0.736,-24244.9928983401
0.737,-103652.610481343
0.738,-163330.379146144
0.739,-191918.880600584
0.74,-183976.410946666
0.741,-141014.786679714
0.742,-71211.5766243853
0.743,12146.4647227048
0.744,93192.4763702404
0.745,156499.682689483
0.746,190017.816829345
0.747,187366.839545967
0.748,149051.353483157
0.749,82364.5541305057
0.75,-9.48800890416697E-10
0.751,-82364.5541304975
0.752,-149051.353483151
0.753,-187366.839545965
0.754,-190017.816829347
0.755,-156499.682689489
0.756,-93192.4763702484
0.757,-12146.4647227139
0.758,71211.5766243768
0.759,141014.786679708
0.76,183976.410946663
0.761,191918.880600585
0.762,163330.379146149
0.763,103652.61048135
0.764,24244.9928983492
0.765,-59777.5595588046
0.766,-132421.69893676
0.767,-179859.911504178
0.768,-193062.528229489
0.769,-169516.485214872
0.77,-113703.675093256
0.771,-36247.8371634983
0.772,48107.6277754231
0.773,123306.003245836
0.774,175033.587161167
0.775,193444.246261351
0.776,175033.587161173
0.777,123306.003245837
0.778,48107.6277754248
0.779,-36247.8371634966
0.78,-113703.675093255
0.781,-169516.485214871
0.782,-193062.528229489
0.783,-179859.911504183
0.784,-132421.698936769
0.785,-59777.5595588167
0.786,24244.9928983475
0.787,103652.610481349
0.788,163330.379146148
0.789,191918.880600585
0.79,183976.410946663
0.791,141014.786679709
0.792,71211.5766243887
0.793,-12146.4647227013
0.794,-93192.4763702372
0.795,-156499.682689488
0.796,-190017.816829347
0.797,-187366.839545965
0.798,-149051.353483152
0.799,-82364.554130499
0.8,-2.65328982237129E-09
0.801,82364.5541304942
0.802,149051.353483149
0.803,187366.839545964
0.804,190017.816829346
0.805,156499.682689484
0.806,93192.4763702419
0.807,12146.4647227066
0.808,-71211.5766243837
0.809,-141014.786679705
0.81,-183976.410946662
0.811,-191918.880600585
0.812,-163330.379146151
0.813,-103652.610481344
0.814,-24244.9928983418
0.815,59777.5595588116
0.816,132421.698936765
0.817,179859.911504181
0.818,193062.52822949
0.819,169516.485214874
0.82,113703.675093259
0.821,36247.837163491
0.822,-48107.6277754303
0.823,-123306.003245841
0.824,-175033.58716117
0.825,-193444.246261351
0.826,-175033.587161169
0.827,-123306.00324584
0.828,-48107.6277754283
0.829,36247.8371634931
0.83,113703.675093261
0.831,169516.485214875
0.832,193062.52822949
0.833,179859.911504184
0.834,132421.698936772
0.835,59777.5595588201
0.836,-24244.992898333
0.837,-103652.610481337
0.838,-163330.379146146
0.839,-191918.880600584
0.84,-183976.410946664
0.841,-141014.786679711
0.842,-71211.576624392
0.843,12146.4647226977
0.844,93192.4763702341
0.845,156499.682689479
0.846,190017.816829344
0.847,187366.839545966
0.848,149051.353483155
0.849,82364.5541305022
0.85,6.25538053515927E-09
0.851,-82364.5541304909
0.852,-149051.353483147
0.853,-187366.839545963
0.854,-190017.816829348
0.855,-156499.682689493
0.856,-93192.4763702451
0.857,-12146.4647227101
0.858,71211.5766243804
0.859,141014.786679703
0.86,183976.41094666
0.861,191918.880600586
0.862,163330.379146153
0.863,103652.610481357
0.864,24244.9928983454
0.865,-59777.5595588082
0.866,-132421.698936762
0.867,-179859.911504179
0.868,-193062.52822949
0.869,-169516.485214876
0.87,-113703.675093262
0.871,-36247.8371635054
0.872,48107.6277754161
0.873,123306.003245839
0.874,175033.587161169
0.875,193444.246261351
0.876,175033.587161171
0.877,123306.003245842
0.878,48107.6277754317
0.879,-36247.8371634896
0.88,-113703.675093249
0.881,-169516.485214868
0.882,-193062.528229489
0.883,-179859.911504181
0.884,-132421.698936766
0.885,-59777.5595588131
0.886,24244.9928983403
0.887,103652.610481343
0.888,163330.379146144
0.889,191918.880600584
0.89,183976.410946666
0.891,141014.786679706
0.892,71211.5766243851
0.893,-12146.464722705
0.894,-93192.4763702406
0.895,-156499.682689483
0.896,-190017.816829345
0.897,-187366.839545967
0.898,-149051.353483157
0.899,-82364.5541305055
0.9,1.13856106850004E-09
0.901,82364.5541304976
0.902,149051.353483151
0.903,187366.839545965
0.904,190017.816829347
0.905,156499.682689488
0.906,93192.4763702482
0.907,12146.4647227137
0.908,-71211.576624377
0.909,-141014.786679708
0.91,-183976.410946663
0.911,-191918.880600585
0.912,-163330.379146149
0.913,-103652.61048135
0.914,-24244.992898349
0.915,59777.5595588048
0.916,132421.69893676
0.917,179859.911504178
0.918,193062.528229489
0.919,169516.485214872
0.92,113703.675093256
0.921,36247.8371634981
0.922,-48107.6277754233
0.923,-123306.003245836
0.924,-175033.587161167
0.925,-193444.246261351
0.926,-175033.587161168
0.927,-123306.003245837
0.928,-48107.6277754246
0.929,36247.8371634968
0.93,113703.675093255
0.931,169516.485214871
0.932,193062.528229489
0.933,179859.911504182
0.934,132421.698936769
0.935,59777.5595588061
0.936,-24244.9928983477
0.937,-103652.610481349
0.938,-163330.379146148
0.939,-191918.880600585
0.94,-183976.410946663
0.941,-141014.786679709
0.942,-71211.5766243885
0.943,12146.4647227014
0.944,93192.476370247
0.945,156499.682689488
0.946,190017.816829347
0.947,187366.839545965
0.948,149051.353483152
0.949,82364.5541304988
0.95,2.46352964428795E-09
0.951,-82364.5541304944
0.952,-149051.353483149
0.953,-187366.839545966
0.954,-190017.816829346
0.955,-156499.682689484
0.956,-93192.4763702417
0.957,-12146.4647227064
0.958,71211.5766243839
0.959,141014.786679705
0.96,183976.410946658
0.961,191918.880600585
0.962,163330.379146151
0.963,103652.610481353
0.964,24244.9928983526
0.965,-59777.5595588014
0.966,-132421.698936757
0.967,-179859.911504177
0.968,-193062.52822949
0.969,-169516.485214874
0.97,-113703.675093259
0.971,-36247.8371635017
0.972,48107.6277754198
0.973,123306.003245833
0.974,175033.587161166
0.975,193444.246261351
0.976,175033.587161174
0.977,123306.003245848
0.978,48107.6277754281
0.979,-36247.8371634933
0.98,-113703.675093252
0.981,-169516.48521487
0.982,-193062.528229489
0.983,-179859.911504184
0.984,-132421.698936771
0.985,-59777.5595588199
0.986,24244.9928983332
0.987,103652.610481346
0.988,163330.379146146
0.989,191918.880600584
0.99,183976.410946664
0.991,141014.786679711
0.992,71211.5766243918
0.993,-12146.4647226978
0.994,-93192.4763702342
0.995,-156499.682689479
0.996,-190017.816829346
0.997,-187366.839545966
0.998,-149051.353483155
0.999,-82364.5541305021
1,-6.06562035707593E-09
1.001,82364.5541305011
1.002,149051.353483147
1.003,187366.839545965
1.004,190017.816829348
1.005,156499.682689486
1.006,93192.4763702449
1.007,12146.464722699
1.008,-71211.5766243805
1.009,-141014.786679711
1.01,-183976.410946661
1.011,-191918.880600585
1.012,-163330.379146153
1.013,-103652.610481347
1.014,-24244.9928983452
1.015,59777.5595588189
1.016,132421.698936763
1.017,179859.911504183
1.018,193062.52822949
1.019,169516.48521487
1.02,113703.675093262
1.021,36247.8371634944
1.022,-48107.6277754163
1.023,-123306.003245839
1.024,-175033.587161169
1.025,-193444.246261351
1.026,-175033.587161171
1.027,-123306.003245851
1.028,-48107.6277754316
1.029,36247.8371634789
1.03,113703.675093249
1.031,169516.485214868
1.032,193062.528229489
1.033,179859.911504185
1.034,132421.698936766
1.035,59777.5595588234
1.036,-24244.9928983405
1.037,-103652.610481334
1.038,-163330.379146144
1.039,-191918.880600584
1.04,-183976.410946662
1.041,-141014.786679714
1.042,-71211.5766243849
1.043,12146.4647226943
1.044,93192.4763702407
1.045,156499.682689477
1.046,190017.816829345
1.047,187366.839545969
1.048,149051.353483157
1.049,82364.5541305053
1.05,-1.32832124658338E-09
1.051,-82364.5541304878
1.052,-149051.353483152
1.053,-187366.839545962
1.054,-190017.816829347
1.055,-156499.682689495
1.056,-93192.476370248
1.057,-12146.4647227136
1.058,71211.5766243874
1.059,141014.786679701
1.06,183976.410946663
1.061,191918.880600586
1.062,163330.379146149
1.063,103652.610481359
1.064,24244.9928983488
1.065,-59777.5595587945
1.066,-132421.69893676
1.067,-179859.911504178
1.068,-193062.528229489
1.069,-169516.485214877
1.07,-113703.675093256
1.071,-36247.8371635087
1.072,48107.6277754235
1.073,123306.003245827
1.074,175033.587161167
1.075,193444.246261351
1.076,175033.587161168
1.077,123306.003245845
1.078,48107.6277754244
1.079,-36247.8371634862
1.08,-113703.675093255
1.081,-169516.485214866
1.082,-193062.528229489
1.083,-179859.911504182
1.084,-132421.698936769
1.085,-59777.5595588163
1.086,24244.9928983478
1.087,103652.61048134
1.088,163330.379146148
1.089,191918.880600584
1.09,183976.410946663
1.091,141014.786679716
1.092,71211.5766243883
1.093,-12146.4647227016
1.094,-93192.4763702472
1.095,-156499.682689481
1.096,-190017.816829347
1.097,-187366.839545968
1.098,-149051.353483152
1.099,-82364.5541305086
1.1,-2.27376946620461E-09
1.101,82364.5541304945
1.102,149051.353483156
1.103,187366.839545964
1.104,190017.816829346
1.105,156499.68268949
1.106,93192.4763702416
1.107,12146.4647227171
1.108,-71211.5766243841
1.109,-141014.786679698
1.11,-183976.410946662
1.111,-191918.880600585
1.112,-163330.379146145
1.113,-103652.610481353
1.114,-24244.9928983415
1.115,59777.5595588015
1.116,132421.698936765
1.117,179859.911504177
1.118,193062.52822949
1.119,169516.485214874
1.12,113703.67509325
1.121,36247.8371635015
1.122,-48107.6277754306
1.123,-123306.003245833
1.124,-175033.587161171
1.125,-193444.246261351
1.126,-175033.587161169
1.127,-123306.003245848
1.128,-48107.6277754279
1.129,36247.8371634935
1.13,113703.675093261
1.131,169516.48521487
1.132,193062.52822949
1.133,179859.911504184
1.134,132421.698936763
1.135,59777.5595588198
1.136,-24244.9928983443
1.137,-103652.610481346
1.138,-163330.379146152
1.139,-191918.880600584
1.14,-183976.410946661
1.141,-141014.786679711
1.142,-71211.5766243814
1.143,12146.464722698
1.144,93192.476370244
1.145,156499.682689486
1.146,190017.816829346
1.147,187366.839545966
1.148,149051.353483147
1.149,82364.5541305019
1.15,-5.1201721374547E-09
1.151,-82364.5541304913
1.152,-149051.353483154
1.153,-187366.839545963
1.154,-190017.816829348
1.155,-156499.682689486
1.156,-93192.4763702543
1.157,-12146.4647227098
1.158,71211.5766243705
1.159,141014.786679703
1.16,183976.410946657
1.161,191918.880600586
1.162,163330.379146153
1.163,103652.610481347
1.164,24244.9928983559
1.165,-59777.5595587981
1.166,-132421.698936763
1.167,-179859.911504175
1.168,-193062.52822949
1.169,-169516.48521487
1.17,-113703.675093262
1.171,-36247.8371634942
1.172,48107.6277754165
1.173,123306.003245839
1.174,175033.587161164
1.175,193444.246261351
1.176,175033.587161176
1.177,123306.003245842
1.178,48107.627775442
1.179,-36247.8371634899
1.18,-113703.67509324
1.181,-169516.485214868
1.182,-193062.528229488
1.183,-179859.911504185
1.184,-132421.698936766
1.185,-59777.5595588023
1.186,24244.9928983407
1.187,103652.610481353
1.188,163330.379146144
1.189,191918.880600585
1.19,183976.410946665
1.191,141014.786679706
1.192,71211.576624395
1.193,-12146.4647227054
1.194,-93192.4763702313
1.195,-156499.682689484
1.196,-190017.816829343
1.197,-187366.839545967
1.198,-149051.353483164
1.199,-82364.5541305052
1.2,-2.04739832082279E-08
1.201,82364.554130488
1.202,149051.353483152
1.203,187366.839545967
1.204,190017.816829347
1.205,156499.682689482
1.206,93192.4763702479
1.207,12146.4647227024
1.208,-71211.5766243774
1.209,-141014.786679708
1.21,-183976.41094666
1.211,-191918.880600585
1.212,-163330.379146154
1.213,-103652.61048135
1.214,-24244.9928983595
1.215,59777.5595588052
1.216,132421.698936752
1.217,179859.911504178
1.218,193062.528229491
1.219,169516.485214877
1.22,113703.675093256
1.221,36247.8371634869
1.222,-48107.6277754237
1.223,-123306.003245844
1.224,-175033.587161167
1.225,-193444.246261351
1.226,-175033.587161172
1.227,-123306.003245836
1.228,-48107.6277754349
1.229,36247.8371634972
1.23,113703.675093246
1.231,169516.485214872
1.232,193062.528229489
1.233,179859.911504182
1.234,132421.698936777
1.235,59777.5595588162
1.236,-24244.9928983262
1.237,-103652.61048134
1.238,-163330.379146148
1.239,-191918.880600586
1.24,-183976.410946663
1.241,-141014.786679701
1.242,-71211.5766243881
1.243,12146.4647227128
1.244,93192.4763702377
1.245,156499.682689488
1.246,190017.816829345
1.247,187366.839545965
1.248,149051.353483159
1.249,82364.5541304985
1.25,1.30800416045686E-08
1.251,-82364.5541304947
1.252,-149051.353483142
1.253,-187366.839545964
1.254,-190017.81682935
1.255,-156499.68268949
1.256,-93192.4763702414
1.257,-12146.464722695
1.258,71211.5766243842
1.259,141014.786679713
1.26,183976.410946662
1.261,191918.880600584
1.262,163330.379146151
1.263,103652.610481344
1.264,24244.9928983522
1.265,-59777.5595588122
1.266,-132421.698936757
1.267,-179859.911504181
1.268,-193062.52822949
1.269,-169516.485214874
1.27,-113703.675093267
1.271,-36247.8371635013
1.272,48107.6277754095
1.273,123306.003245833
1.274,175033.587161171
1.275,193444.246261351
1.276,175033.587161169
1.277,123306.003245831
1.278,48107.6277754277
1.279,-36247.8371635045
1.28,-113703.675093252
1.281,-169516.485214865
1.282,-193062.528229489
1.283,-179859.911504188
1.284,-132421.698936771
1.285,-59777.55955883
1.286,24244.9928983336
1.287,103652.610481328
1.288,163330.37914614
1.289,191918.880600584
1.29,183976.410946661
1.291,141014.786679711
1.292,71211.5766243812
1.293,-12146.4647226982
1.294,-93192.4763702442
1.295,-156499.682689479
1.296,-190017.816829346
1.297,-187366.839545968
1.298,-149051.353483154
1.299,-82364.5541305117
1.3,-5.68610000090925E-09
1.301,82364.5541304815
1.302,149051.353483147
1.303,187366.83954596
1.304,190017.816829348
1.305,156499.682689499
1.306,93192.4763702542
1.307,12146.4647227096
1.308,-71211.5766243911
1.309,-141014.786679703
1.31,-183976.410946664
1.311,-191918.880600586
1.312,-163330.379146147
1.313,-103652.610481356
1.314,-24244.9928983448
1.315,59777.5595587983
1.316,132421.698936763
1.317,179859.911504175
1.318,193062.52822949
1.319,169516.485214881
1.32,113703.675093262
1.321,36247.8371635156
1.322,-48107.6277754167
1.323,-123306.003245822
1.324,-175033.587161164
1.325,-193444.246261351
1.326,-175033.587161166
1.327,-123306.003245842
1.328,-48107.6277754205
1.329,36247.8371634901
1.33,113703.675093258
1.331,169516.485214868
1.332,193062.528229489
1.333,179859.911504185
1.334,132421.698936766
1.335,59777.559558823
1.336,-24244.9928983409
1.337,-103652.610481334
1.338,-163330.379146144
1.339,-191918.880600583
1.34,-183976.410946665
1.341,-141014.786679721
1.342,-71211.5766243948
1.343,12146.4647227056
1.344,93192.4763702507
1.345,156499.682689484
1.346,190017.816829347
1.347,187366.839545967
1.348,149051.35348315
1.349,82364.554130505
1.35,-1.70784160275006E-09
1.351,-82364.5541304882
1.352,-149051.353483152
1.353,-187366.839545962
1.354,-190017.816829347
1.355,-156499.682689495
1.356,-93192.4763702477
1.357,-12146.4647227241
1.358,71211.5766243775
1.359,141014.786679693
1.36,183976.41094666
1.361,191918.880600585
1.362,163330.379146143
1.363,103652.61048135
1.364,24244.9928983375
1.365,-59777.5595588053
1.366,-132421.698936768
1.367,-179859.911504178
1.368,-193062.528229489
1.369,-169516.485214877
1.37,-113703.675093256
1.371,-36247.8371635084
1.372,48107.6277754239
1.373,123306.003245828
1.374,175033.587161168
1.375,193444.246261351
1.376,175033.587161172
1.377,123306.003245853
1.378,48107.6277754347
1.379,-36247.8371634974
1.38,-113703.675093264
1.381,-169516.485214872
1.382,-193062.52822949
1.383,-179859.911504182
1.384,-132421.69893676
1.385,-59777.559558816
1.386,24244.9928983482
1.387,103652.61048134
1.388,163330.379146148
1.389,191918.880600584
1.39,183976.410946663
1.391,141014.786679716
1.392,71211.5766243879
1.393,-12146.464722691
1.394,-93192.4763702379
1.395,-156499.682689488
1.396,-190017.816829345
1.397,-187366.839545965
1.398,-149051.353483145
1.399,-82364.5541304983
1.4,9.10178320640936E-09
1.401,82364.5541304949
1.402,149051.353483157
1.403,187366.839545964
1.404,190017.816829345
1.405,156499.68268949
1.406,93192.4763702412
1.407,12146.4647227168
1.408,-71211.576624364
1.409,-141014.786679698
1.41,-183976.410946655
1.411,-191918.880600587
1.412,-163330.37914615
1.413,-103652.610481344
1.414,-24244.992898352
1.415,59777.5595588124
1.416,132421.698936758
1.417,179859.911504181
1.418,193062.52822949
1.419,169516.485214873
1.42,113703.675093267
1.421,36247.8371635011
1.422,-48107.6277754097
1.423,-123306.003245833
1.424,-175033.587161161
1.425,-193444.246261351
1.426,-175033.587161179
1.427,-123306.003245848
1.428,-48107.6277754488
1.429,36247.837163483
1.43,113703.675093252
1.431,169516.485214875
1.432,193062.528229489
1.433,179859.91150418
1.434,132421.698936771
1.435,59777.5595588089
1.436,-24244.9928983337
1.437,-103652.610481347
1.438,-163330.379146141
1.439,-191918.880600585
1.44,-183976.410946668
1.441,-141014.786679711
1.442,-71211.5766244015
1.443,12146.4647226984
1.444,93192.4763702251
1.445,156499.682689479
1.446,190017.816829342
1.447,187366.839545968
1.448,149051.353483154
1.449,82364.5541304916
1.45,5.49633982282591E-09
1.451,-82364.5541305016
1.452,-149051.353483147
1.453,-187366.839545966
1.454,-190017.816829348
1.455,-156499.682689486
1.456,-93192.476370254
1.457,-12146.4647227094
1.458,71211.5766243708
1.459,141014.786679703
1.46,183976.410946657
1.461,191918.880600586
1.462,163330.379146158
1.463,103652.610481356
1.464,24244.9928983665
1.465,-59777.5595587985
1.466,-132421.698936763
1.467,-179859.911504184
1.468,-193062.52822949
1.469,-169516.48521487
1.47,-113703.675093261
1.471,-36247.8371634938
1.472,48107.6277754169
1.473,123306.003245839
1.474,175033.587161164
1.475,193444.246261351
1.476,175033.587161175
1.477,123306.003245842
1.478,48107.6277754417
1.479,-36247.8371634903
1.48,-113703.675093241
1.481,-169516.485214868
1.482,-193062.528229488
1.483,-179859.911504185
1.484,-132421.698936766
1.485,-59777.5595588019
1.486,24244.9928983411
1.487,103652.610481353
1.488,163330.379146145
1.489,191918.880600585
1.49,183976.410946665
1.491,141014.786679706
1.492,71211.5766243946
1.493,-12146.4647227058
1.494,-93192.4763702316
1.495,-156499.682689484
1.496,-190017.816829343
1.497,-187366.839545967
1.498,-149051.353483164
1.499,-82364.5541305048
1.5,1.89760178083339E-09
1.501,82364.5541304884
1.502,149051.353483152
1.503,187366.839545967
1.504,190017.816829347
1.505,156499.682689482
1.506,93192.4763702475
1.507,12146.464722702
1.508,-71211.5766243777
1.509,-141014.786679708
1.51,-183976.41094666
1.511,-191918.880600585
1.512,-163330.379146154
1.513,-103652.61048135
1.514,-24244.9928983591
1.515,59777.5595588055
1.516,132421.698936752
1.517,179859.911504178
1.518,193062.528229489
1.519,169516.485214866
1.52,113703.675093255
1.521,36247.8371634866
1.522,-48107.627775424
1.523,-123306.003245845
1.524,-175033.587161168
1.525,-193444.246261351
1.526,-175033.587161172
1.527,-123306.003245836
1.528,-48107.6277754345
1.529,36247.8371634976
1.53,113703.675093247
1.531,169516.485214872
1.532,193062.528229489
1.533,179859.911504182
1.534,132421.698936776
1.535,59777.5595588158
1.536,-24244.9928983484
1.537,-103652.610481341
1.538,-163330.379146148
1.539,-191918.880600584
1.54,-183976.410946663
1.541,-141014.786679716
1.542,-71211.5766243878
1.543,12146.4647226912
1.544,93192.4763702381
1.545,156499.682689475
1.546,190017.816829345
1.547,187366.83954597
1.548,149051.353483159
1.549,82364.554130518
1.55,1.27005212484019E-08
1.551,-82364.5541304751
1.552,-149051.353483143
1.553,-187366.839545964
1.554,-190017.816829345
1.555,-156499.68268949
1.556,-93192.4763702411
1.557,-12146.4647227166
1.558,71211.5766243846
1.559,141014.786679698
1.56,183976.410946662
1.561,191918.880600587
1.562,163330.37914615
1.563,103652.610481362
1.564,24244.9928983518
1.565,-59777.5595587916
1.566,-132421.698936758
1.567,-179859.911504173
1.568,-193062.52822949
1.569,-169516.485214884
1.57,-113703.675093267
1.571,-36247.8371635009
1.572,48107.6277754312
1.573,123306.003245834
1.574,175033.587161171
1.575,193444.246261351
1.576,175033.587161169
1.577,123306.003245847
1.578,48107.6277754273
1.579,-36247.8371634832
1.58,-113703.675093253
1.581,-169516.485214865
1.582,-193062.528229489
1.583,-179859.911504188
1.584,-132421.698936771
1.585,-59777.5595588297
1.586,24244.9928983339
1.587,103652.610481328
1.588,163330.379146141
1.589,191918.880600585
1.59,183976.410946661
1.591,141014.786679711
1.592,71211.5766243809
1.593,-12146.4647226986
1.594,-93192.4763702446
1.595,-156499.68268948
1.596,-190017.816829346
1.597,-187366.839545968
1.598,-149051.353483154
1.599,-82364.5541305113
1.6,-5.30657964474257E-09
1.601,82364.5541304818
1.602,149051.353483147
1.603,187366.83954596
1.604,190017.816829348
1.605,156499.682689499
1.606,93192.4763702538
1.607,12146.4647227092
1.608,-71211.5766243915
1.609,-141014.786679704
1.61,-183976.410946664
1.611,-191918.880600586
1.612,-163330.379146146
1.613,-103652.610481356
1.614,-24244.9928983445
1.615,59777.5595587987
1.616,132421.698936763
1.617,179859.911504176
1.618,193062.52822949
1.619,169516.48521488
1.62,113703.675093261
1.621,36247.8371635152
1.622,-48107.6277754171
1.623,-123306.003245839
1.624,-175033.587161165
1.625,-193444.246261351
1.626,-175033.587161166
1.627,-123306.003245842
1.628,-48107.6277754202
1.629,36247.8371634905
1.63,113703.675093259
1.631,169516.485214868
1.632,193062.528229489
1.633,179859.911504185
1.634,132421.698936766
1.635,59777.5595588226
1.636,-24244.9928983413
1.637,-103652.610481334
1.638,-163330.379146145
1.639,-191918.880600583
1.64,-183976.410946665
1.641,-141014.786679706
1.642,-71211.576624374
1.643,12146.464722706
1.644,93192.476370251
1.645,156499.682689484
1.646,190017.816829348
1.647,187366.839545966
1.648,149051.353483149
1.649,82364.5541305046
1.65,-2.08736195891673E-09
1.651,-82364.5541304885
1.652,-149051.353483152
1.653,-187366.839545962
1.654,-190017.816829347
1.655,-156499.682689494
1.656,-93192.4763702474
1.657,-12146.4647227238
1.658,71211.5766243779
1.659,141014.786679709
1.66,183976.410946666
1.661,191918.880600585
1.662,163330.379146142
1.663,103652.610481349
1.664,24244.9928983371
1.665,-59777.5595588057
1.666,-132421.698936753
1.667,-179859.911504178
1.668,-193062.528229491
1.669,-169516.485214877
1.67,-113703.675093273
1.671,-36247.837163508
1.672,48107.6277754029
1.673,123306.003245828
1.674,175033.587161158
1.675,193444.246261351
1.676,175033.587161172
1.677,123306.003245836
1.678,48107.6277754343
1.679,-36247.8371634978
1.68,-113703.675093247
1.681,-169516.485214872
1.682,-193062.528229489
1.683,-179859.911504182
1.684,-132421.698936776
1.685,-59777.5595588156
1.686,24244.9928983268
1.687,103652.610481341
1.688,163330.379146137
1.689,191918.880600584
1.69,183976.41094667
1.691,141014.786679716
1.692,71211.576624408
1.693,-12146.4647226914
1.694,-93192.4763702382
1.695,-156499.682689488
1.696,-190017.816829345
1.697,-187366.839545965
1.698,-149051.353483159
1.699,-82364.554130498
1.7,-1.25107610703185E-08
1.701,82364.5541304952
1.702,149051.353483143
1.703,187366.839545964
1.704,190017.81682935
1.705,156499.68268949
1.706,93192.4763702602
1.707,12146.4647227164
1.708,-71211.5766243643
1.709,-141014.786679699
1.71,-183976.410946655
1.711,-191918.880600587
1.712,-163330.37914615
1.713,-103652.610481343
1.714,-24244.9928983516
1.715,59777.5595588127
1.716,132421.698936758
1.717,179859.911504181
1.718,193062.52822949
1.719,169516.485214873
1.72,113703.675093267
1.721,36247.8371635007
1.722,-48107.6277754101
1.723,-123306.003245834
1.724,-175033.587161161
1.725,-193444.246261351
1.726,-175033.587161178
1.727,-123306.003245847
1.728,-48107.6277754272
1.729,36247.8371634834
1.73,113703.675093253
1.731,169516.485214875
1.732,193062.528229489
1.733,179859.911504179
1.734,132421.698936771
1.735,59777.5595588086
1.736,-24244.9928983341
1.737,-103652.610481347
1.738,-163330.379146141
1.739,-191918.880600585
1.74,-183976.410946667
1.741,-141014.786679711
1.742,-71211.5766244012
1.743,12146.4647226988
1.744,93192.4763702254
1.745,156499.68268948
1.746,190017.816829346
1.747,187366.839545963
1.748,149051.353483154
1.749,82364.5541304913
1.75,5.11681946665923E-09
1.751,-82364.5541305019
1.752,-149051.353483147
1.753,-187366.839545966
1.754,-190017.816829348
1.755,-156499.682689486
1.756,-93192.4763702537
1.757,-12146.464722709
1.758,71211.5766243712
1.759,141014.786679704
1.76,183976.410946657
1.761,191918.880600586
1.762,163330.379146158
1.763,103652.610481356
1.764,24244.9928983443
1.765,-59777.5595588198
1.766,-132421.698936763
1.767,-179859.911504184
1.768,-193062.52822949
1.769,-169516.48521487
1.77,-113703.675093261
1.771,-36247.8371634935
1.772,48107.6277754172
1.773,123306.003245839
1.774,175033.587161165
1.775,193444.246261351
1.776,175033.587161175
1.777,123306.003245842
1.778,48107.6277754413
1.779,-36247.8371634907
1.78,-113703.675093241
1.781,-169516.485214868
1.782,-193062.52822949
1.783,-179859.911504177
1.784,-132421.698936765
1.785,-59777.5595588015
1.786,24244.9928983415
1.787,103652.610481353
1.788,163330.379146145
1.789,191918.880600585
1.79,183976.410946665
1.791,141014.786679706
1.792,71211.5766243943
1.793,-12146.4647226842
1.794,-93192.4763702319
1.795,-156499.682689471
1.796,-190017.816829343
1.797,-187366.839545972
1.798,-149051.353483163
1.799,-82364.5541305045
1.8,2.27712213700007E-09
1.801,82364.5541304887
1.802,149051.353483152
1.803,187366.839545962
1.804,190017.816829347
1.805,156499.682689494
1.806,93192.4763702472
1.807,12146.4647227236
1.808,-71211.5766243781
1.809,-141014.786679694
1.81,-183976.41094666
1.811,-191918.880600588
1.812,-163330.379146154
1.813,-103652.610481368
1.814,-24244.9928983588
1.815,59777.559558785
1.816,132421.698936753
1.817,179859.911504178
1.818,193062.528229489
1.819,169516.485214877
1.82,113703.675093255
1.821,36247.8371635078
1.822,-48107.6277754244
1.823,-123306.003245828
1.824,-175033.587161168
1.825,-193444.246261351
1.826,-175033.587161172
1.827,-123306.003245853
1.828,-48107.6277754341
1.829,36247.8371634763
1.83,113703.675093247
1.831,169516.485214861
1.832,193062.528229489
1.833,179859.911504182
1.834,132421.698936776
1.835,59777.5595588154
1.836,-24244.9928983488
1.837,-103652.610481341
1.838,-163330.379146149
1.839,-191918.880600584
1.84,-183976.410946663
1.841,-141014.786679716
1.842,-71211.5766243874
1.843,12146.4647226916
1.844,93192.4763702384
1.845,156499.682689475
1.846,190017.816829345
1.847,187366.83954597
1.848,149051.353483159
1.849,82364.5541305177
1.85,1.23210008922352E-08
1.851,-82364.5541304954
1.852,-149051.353483157
1.853,-187366.839545964
1.854,-190017.816829345
1.855,-156499.68268949
1.856,-93192.4763702407
1.857,-12146.4647227162
1.858,71211.576624385
1.859,141014.786679699
1.86,183976.410946662
1.861,191918.880600587
1.862,163330.37914615
1.863,103652.610481362
1.864,24244.9928983514
1.865,-59777.559558792
1.866,-132421.698936758
1.867,-179859.911504173
1.868,-193062.52822949
1.869,-169516.485214873
1.87,-113703.675093249
1.871,-36247.8371635005
1.872,48107.6277754316
1.873,123306.003245834
1.874,175033.587161171
1.875,193444.246261351
1.876,175033.587161169
1.877,123306.003245847
1.878,48107.627775427
1.879,-36247.8371634836
1.88,-113703.675093253
1.881,-169516.485214865
1.882,-193062.528229489
1.883,-179859.911504187
1.884,-132421.698936771
1.885,-59777.5595588293
1.886,24244.9928983343
1.887,103652.610481347
1.888,163330.379146153
1.889,191918.880600585
1.89,183976.410946661
1.891,141014.786679711
1.892,71211.5766243805
1.893,-12146.464722699
1.894,-93192.4763702449
1.895,-156499.68268948
1.896,-190017.816829346
1.897,-187366.839545968
1.898,-149051.353483154
1.899,-82364.554130511
1.9,-4.92705928857589E-09
1.901,82364.5541304822
1.902,149051.353483148
1.903,187366.83954596
1.904,190017.816829348
1.905,156499.682689486
1.906,93192.4763702342
1.907,12146.4647227088
1.908,-71211.5766243918
1.909,-141014.786679704
1.91,-183976.410946664
1.911,-191918.880600586
1.912,-163330.379146146
1.913,-103652.610481355
1.914,-24244.9928983441
1.915,59777.559558799
1.916,132421.698936763
1.917,179859.911504176
1.918,193062.52822949
1.919,169516.48521488
1.92,113703.675093279
1.921,36247.8371635149
1.922,-48107.6277754174
1.923,-123306.00324584
1.924,-175033.587161165
1.925,-193444.246261351
1.926,-175033.587161175
1.927,-123306.003245841
1.928,-48107.6277754411
1.929,36247.8371634909
1.93,113703.675093241
1.931,169516.485214868
1.932,193062.528229488
1.933,179859.911504185
1.934,132421.698936781
1.935,59777.5595588223
1.936,-24244.9928983198
1.937,-103652.610481335
1.938,-163330.379146145
1.939,-191918.880600583
1.94,-183976.410946665
1.941,-141014.786679705
1.942,-71211.5766243941
1.943,12146.4647227064
1.944,93192.4763702321
1.945,156499.682689484
1.946,190017.816829344
1.947,187366.839545966
1.948,149051.353483163
1.949,82364.5541305043
1.95,1.95251823178112E-08
1.951,-82364.5541304889
1.952,-149051.353483138
1.953,-187366.839545962
1.954,-190017.816829351
1.955,-156499.682689494
1.956,-93192.476370247
1.957,-12146.4647227014
1.958,71211.5766243783
1.959,141014.786679709
1.96,183976.41094666
1.961,191918.880600585
1.962,163330.379146154
1.963,103652.610481349
1.964,24244.9928983586
1.965,-59777.5595588061
1.966,-132421.698936753
1.967,-179859.911504178
1.968,-193062.528229491
1.969,-169516.485214877
1.97,-113703.675093273
1.971,-36247.8371635076
1.972,48107.6277754033
1.973,123306.003245828
1.974,175033.587161168
1.975,193444.246261351
1.976,175033.587161172
1.977,123306.003245836
1.978,48107.6277754339
1.979,-36247.8371634981
1.98,-113703.675093247
1.981,-169516.485214872
1.982,-193062.528229489
1.983,-179859.911504182
1.984,-132421.698936776
1.985,-59777.5595588152
1.986,24244.9928983272
1.987,103652.610481341
1.988,163330.379146137
1.989,191918.880600584
1.99,183976.41094667
1.991,141014.786679715
1.992,71211.5766243872
1.993,-12146.4647227137
1.994,-93192.4763702386
1.995,-156499.682689488
1.996,-190017.816829345
1.997,-187366.839545965
1.998,-149051.353483158
1.999,-82364.5541304976
2,0
2.001,0
2.002,0
2.003,0
2.004,0
2.005,0
2.006,0
2.007,0
2.008,0
2.009,0
2.01,0
2.011,0
2.012,0
2.013,0
2.014,0
2.015,0
2.016,0
2.017,0
2.018,0
2.019,0
2.02,0
2.021,0
2.022,0
2.023,0
2.024,0
2.025,0
2.026,0
2.027,0
2.028,0
2.029,0
2.03,0
2.031,0
2.032,0
2.033,0
2.034,0
2.035,0
2.036,0
2.037,0
2.038,0
2.039,0
2.04,0
2.041,0
2.042,0
2.043,0
2.044,0
2.045,0
2.046,0
2.047,0
2.048,0
2.049,0
2.05,0
2.051,0
2.052,0
2.053,0
2.054,0
2.055,0
2.056,0
2.057,0
2.058,0
2.059,0
2.06,0
2.061,0
2.062,0
2.063,0
2.064,0
2.065,0
2.066,0
2.067,0
2.068,0
2.069,0
2.07,0
2.071,0
2.072,0
2.073,0
2.074,0
2.075,0
2.076,0
2.077,0
2.078,0
2.079,0
2.08,0
2.081,0
2.082,0
2.083,0
2.084,0
2.085,0
2.086,0
2.087,0
2.088,0
2.089,0
2.09,0
2.091,0
2.092,0
2.093,0
2.094,0
2.095,0
2.096,0
2.097,0
2.098,0
2.099,0
2.1,0
2.101,0
2.102,0
2.103,0
2.104,0
2.105,0
2.106,0
2.107,0
2.108,0
2.109,0
2.11,0
2.111,0
2.112,0
2.113,0
2.114,0
2.115,0
2.116,0
2.117,0
2.118,0
2.119,0
2.12,0
2.121,0
2.122,0
2.123,0
2.124,0
2.125,0
2.126,0
2.127,0
2.128,0
2.129,0
2.13,0
2.131,0
2.132,0
2.133,0
2.134,0
2.135,0
2.136,0
2.137,0
2.138,0
2.139,0
2.14,0
2.141,0
2.142,0
2.143,0
2.144,0
2.145,0
2.146,0
2.147,0
2.148,0
2.149,0
2.15,0
2.151,0
2.152,0
2.153,0
2.154,0
2.155,0
2.156,0
2.157,0
2.158,0
2.159,0
2.16,0
2.161,0
2.162,0
2.163,0
2.164,0
2.165,0
2.166,0
2.167,0
2.168,0
2.169,0
2.17,0
2.171,0
2.172,0
2.173,0
2.174,0
2.175,0
2.176,0
2.177,0
2.178,0
2.179,0
2.18,0
2.181,0
2.182,0
2.183,0
2.184,0
2.185,0
2.186,0
2.187,0
2.188,0
2.189,0
2.19,0
2.191,0
2.192,0
2.193,0
2.194,0
2.195,0
2.196,0
2.197,0
2.198,0
2.199,0
2.2,0
2.201,0
2.202,0
2.203,0
2.204,0
2.205,0
2.206,0
2.207,0
2.208,0
2.209,0
2.21,0
2.211,0
2.212,0
2.213,0
2.214,0
2.215,0
2.216,0
2.217,0
2.218,0
2.219,0
2.22,0
2.221,0
2.222,0
2.223,0
2.224,0
2.225,0
2.226,0
2.227,0
2.228,0
2.229,0
2.23,0
2.231,0
2.232,0
2.233,0
2.234,0
2.235,0
2.236,0
2.237,0
2.238,0
2.239,0
2.24,0
2.241,0
2.242,0
2.243,0
2.244,0
2.245,0
2.246,0
2.247,0
2.248,0
2.249,0
2.25,0
2.251,0
2.252,0
2.253,0
2.254,0
2.255,0
2.256,0
2.257,0
2.258,0
2.259,0
2.26,0
2.261,0
2.262,0
2.263,0
2.264,0
2.265,0
2.266,0
2.267,0
2.268,0
2.269,0
2.27,0
2.271,0
2.272,0
2.273,0
2.274,0
2.275,0
2.276,0
2.277,0
2.278,0
2.279,0
2.28,0
2.281,0
2.282,0
2.283,0
2.284,0
2.285,0
2.286,0
2.287,0
2.288,0
2.289,0
2.29,0
2.291,0
2.292,0
2.293,0
2.294,0
2.295,0
2.296,0
2.297,0
2.298,0
2.299,0
2.3,0
2.301,0
2.302,0
2.303,0
2.304,0
2.305,0
2.306,0
2.307,0
2.308,0
2.309,0
2.31,0
2.311,0
2.312,0
2.313,0
2.314,0
2.315,0
2.316,0
2.317,0
2.318,0
2.319,0
2.32,0
2.321,0
2.322,0
2.323,0
2.324,0
2.325,0
2.326,0
2.327,0
2.328,0
2.329,0
2.33,0
2.331,0
2.332,0
2.333,0
2.334,0
2.335,0
2.336,0
2.337,0
2.338,0
2.339,0
2.34,0
2.341,0
2.342,0
2.343,0
2.344,0
2.345,0
2.346,0
2.347,0
2.348,0
2.349,0
2.35,0
2.351,0
2.352,0
2.353,0
2.354,0
2.355,0
2.356,0
2.357,0
2.358,0
2.359,0
2.36,0
2.361,0
2.362,0
2.363,0
2.364,0
2.365,0
2.366,0
2.367,0
2.368,0
2.369,0
2.37,0
2.371,0
2.372,0
2.373,0
2.374,0
2.375,0
2.376,0
2.377,0
2.378,0
2.379,0
2.38,0
2.381,0
2.382,0
2.383,0
2.384,0
2.385,0
2.386,0
2.387,0
2.388,0
2.389,0
2.39,0
2.391,0
2.392,0
2.393,0
2.394,0
2.395,0
2.396,0
2.397,0
2.398,0
2.399,0
2.4,0
2.401,0
2.402,0
2.403,0
2.404,0
2.405,0
2.406,0
2.407,0
2.408,0
2.409,0
2.41,0
2.411,0
2.412,0
2.413,0
2.414,0
2.415,0
2.416,0
2.417,0
2.418,0
2.419,0
2.42,0
2.421,0
2.422,0
2.423,0
2.424,0
2.425,0
2.426,0
2.427,0
2.428,0
2.429,0
2.43,0
2.431,0
2.432,0
2.433,0
2.434,0
2.435,0
2.436,0
2.437,0
2.438,0
2.439,0
2.44,0
2.441,0
2.442,0
2.443,0
2.444,0
2.445,0
2.446,0
2.447,0
2.448,0
2.449,0
2.45,0
2.451,0
2.452,0
2.453,0
2.454,0
2.455,0
2.456,0
2.457,0
2.458,0
2.459,0
2.46,0
2.461,0
2.462,0
2.463,0
2.464,0
2.465,0
2.466,0
2.467,0
2.468,0
2.469,0
2.47,0
2.471,0
2.472,0
2.473,0
2.474,0
2.475,0
2.476,0
2.477,0
2.478,0
2.479,0
2.48,0
2.481,0
2.482,0
2.483,0
2.484,0
2.485,0
2.486,0
2.487,0
2.488,0
2.489,0
2.49,0
2.491,0
2.492,0
2.493,0
2.494,0
2.495,0
2.496,0
2.497,0
2.498,0
2.499,0
2.5,0
2.501,0
2.502,0
2.503,0
2.504,0
2.505,0
2.506,0
2.507,0
2.508,0
2.509,0
2.51,0
2.511,0
2.512,0
2.513,0
2.514,0
2.515,0
2.516,0
2.517,0
2.518,0
2.519,0
2.52,0
2.521,0
2.522,0
2.523,0
2.524,0
2.525,0
2.526,0
2.527,0
2.528,0
2.529,0
2.53,0
2.531,0
2.532,0
2.533,0
2.534,0
2.535,0
2.536,0
2.537,0
2.538,0
2.539,0
2.54,0
2.541,0
2.542,0
2.543,0
2.544,0
2.545,0
2.546,0
2.547,0
2.548,0
2.549,0
2.55,0
2.551,0
2.552,0
2.553,0
2.554,0
2.555,0
2.556,0
2.557,0
2.558,0
2.559,0
2.56,0
2.561,0
2.562,0
2.563,0
2.564,0
2.565,0
2.566,0
2.567,0
2.568,0
2.569,0
2.57,0
2.571,0
2.572,0
2.573,0
2.574,0
2.575,0
2.576,0
2.577,0
2.578,0
2.579,0
2.58,0
2.581,0
2.582,0
2.583,0
2.584,0
2.585,0
2.586,0
2.587,0
2.588,0
2.589,0
2.59,0
2.591,0
2.592,0
2.593,0
2.594,0
2.595,0
2.596,0
2.597,0
2.598,0
2.599,0
2.6,0
2.601,0
2.602,0
2.603,0
2.604,0
2.605,0
2.606,0
2.607,0
2.608,0
2.609,0
2.61,0
2.611,0
2.612,0
2.613,0
2.614,0
2.615,0
2.616,0
2.617,0
2.618,0
2.619,0
2.62,0
2.621,0
2.622,0
2.623,0
2.624,0
2.625,0
2.626,0
2.627,0
2.628,0
2.629,0
2.63,0
2.631,0
2.632,0
2.633,0
2.634,0
2.635,0
2.636,0
2.637,0
2.638,0
2.639,0
2.64,0
2.641,0
2.642,0
2.643,0
2.644,0
2.645,0
2.646,0
2.647,0
2.648,0
2.649,0
2.65,0
2.651,0
2.652,0
2.653,0
2.654,0
2.655,0
2.656,0
2.657,0
2.658,0
2.659,0
2.66,0
2.661,0
2.662,0
2.663,0
2.664,0
2.665,0
2.666,0
2.667,0
2.668,0
2.669,0
2.67,0
2.671,0
2.672,0
2.673,0
2.674,0
2.675,0
2.676,0
2.677,0
2.678,0
2.679,0
2.68,0
2.681,0
2.682,0
2.683,0
2.684,0
2.685,0
2.686,0
2.687,0
2.688,0
2.689,0
2.69,0
2.691,0
2.692,0
2.693,0
2.694,0
2.695,0
2.696,0
2.697,0
2.698,0
2.699,0
2.7,0
2.701,0
2.702,0
2.703,0
2.704,0
2.705,0
2.706,0
2.707,0
2.708,0
2.709,0
2.71,0
2.711,0
2.712,0
2.713,0
2.714,0
2.715,0
2.716,0
2.717,0
2.718,0
2.719,0
2.72,0
2.721,0
2.722,0
2.723,0
2.724,0
2.725,0
2.726,0
2.727,0
2.728,0
2.729,0
2.73,0
2.731,0
2.732,0
2.733,0
2.734,0
2.735,0
2.736,0
2.737,0
2.738,0
2.739,0
2.74,0
2.741,0
2.742,0
2.743,0
2.744,0
2.745,0
2.746,0
2.747,0
2.748,0
2.749,0
2.75,0
2.751,0
2.752,0
2.753,0
2.754,0
2.755,0
2.756,0
2.757,0
2.758,0
2.759,0
2.76,0
2.761,0
2.762,0
2.763,0
2.764,0
2.765,0
2.766,0
2.767,0
2.768,0
2.769,0
2.77,0
2.771,0
2.772,0
2.773,0
2.774,0
2.775,0
2.776,0
2.777,0
2.778,0
2.779,0
2.78,0
2.781,0
2.782,0
2.783,0
2.784,0
2.785,0
2.786,0
2.787,0
2.788,0
2.789,0
2.79,0
2.791,0
2.792,0
2.793,0
2.794,0
2.795,0
2.796,0
2.797,0
2.798,0
2.799,0
2.8,0
2.801,0
2.802,0
2.803,0
2.804,0
2.805,0
2.806,0
2.807,0
2.808,0
2.809,0
2.81,0
2.811,0
2.812,0
2.813,0
2.814,0
2.815,0
2.816,0
2.817,0
2.818,0
2.819,0
2.82,0
2.821,0
2.822,0
2.823,0
2.824,0
2.825,0
2.826,0
2.827,0
2.828,0
2.829,0
2.83,0
2.831,0
2.832,0
2.833,0
2.834,0
2.835,0
2.836,0
2.837,0
2.838,0
2.839,0
2.84,0
2.841,0
2.842,0
2.843,0
2.844,0
2.845,0
2.846,0
2.847,0
2.848,0
2.849,0
2.85,0
2.851,0
2.852,0
2.853,0
2.854,0
2.855,0
2.856,0
2.857,0
2.858,0
2.859,0
2.86,0
2.861,0
2.862,0
2.863,0
2.864,0
2.865,0
2.866,0
2.867,0
2.868,0
2.869,0
2.87,0
2.871,0
2.872,0
2.873,0
2.874,0
2.875,0
2.876,0
2.877,0
2.878,0
2.879,0
2.88,0
2.881,0
2.882,0
2.883,0
2.884,0
2.885,0
2.886,0
2.887,0
2.888,0
2.889,0
2.89,0
2.891,0
2.892,0
2.893,0
2.894,0
2.895,0
2.896,0
2.897,0
2.898,0
2.899,0
2.9,0
2.901,0
2.902,0
2.903,0
2.904,0
2.905,0
2.906,0
2.907,0
2.908,0
2.909,0
2.91,0
2.911,0
2.912,0
2.913,0
2.914,0
2.915,0
2.916,0
2.917,0
2.918,0
2.919,0
2.92,0
2.921,0
2.922,0
2.923,0
2.924,0
2.925,0
2.926,0
2.927,0
2.928,0
2.929,0
2.93,0
2.931,0
2.932,0
2.933,0
2.934,0
2.935,0
2.936,0
2.937,0
2.938,0
2.939,0
2.94,0
2.941,0
2.942,0
2.943,0
2.944,0
2.945,0
2.946,0
2.947,0
2.948,0
2.949,0
2.95,0
2.951,0
2.952,0
2.953,0
2.954,0
2.955,0
2.956,0
2.957,0
2.958,0
2.959,0
2.96,0
2.961,0
2.962,0
2.963,0
2.964,0
2.965,0
2.966,0
2.967,0
2.968,0
2.969,0
2.97,0
2.971,0
2.972,0
2.973,0
2.974,0
2.975,0
2.976,0
2.977,0
2.978,0
2.979,0
2.98,0
2.981,0
2.982,0
2.983,0
2.984,0
2.985,0
2.986,0
2.987,0
2.988,0
2.989,0
2.99,0
2.991,0
2.992,0
2.993,0
2.994,0
2.995,0
2.996,0
2.997,0
2.998,0
2.999,0
3,0
